date,coin,open,high,low,close
2026-04-14,ETH,2370.3145,2415.5273,2304.4124,2323.3086
2026-04-15,ETH,2323.3433,2384.9993,2310.707,2359.437
2026-04-16,ETH,2359.7046,2369.1724,2285.71,2348.645
2026-04-17,ETH,2348.855,2464.7834,2318.1418,2421.0718
2026-04-18,ETH,2421.1023,2427.2781,2341.1257,2351.1006
2026-04-19,ETH,2350.8618,2355.7832,2254.6975,2264.917
2026-04-20,ETH,2264.8735,2346.2734,2262.053,2315.2124
2026-04-21,ETH,2315.1785,2338.0125,2287.3799,2327.9705
2026-04-22,ETH,2327.9648,2422.8604,2314.5901,2376.0881
2026-04-23,ETH,2376.0879,2380.136,2287.5532,2331.5139
2026-04-24,ETH,2331.5688,2337.2666,2301.5273,2315.6902
2026-04-25,ETH,2315.7415,2323.4104,2302.2012,2318.8291
2026-04-26,ETH,2318.9065,2379.3242,2307.5652,2369.729
2026-04-27,ETH,2369.8418,2403.7266,2267.4094,2303.064
2026-04-28,ETH,2303.0798,2310.4421,2259.0574,2289.4197
2026-04-29,ETH,2289.4121,2345.9397,2221.2239,2253.4158
2026-04-30,ETH,2253.4844,2277.7183,2232.1309,2256.2512
2026-05-01,ETH,2256.345,2324.7881,2256.0781,2295.0938
2026-05-02,ETH,2295.0444,2339.7437,2292.7227,2316.2319
2026-05-03,ETH,2316.2109,2354.7102,2297.5532,2321.6357
2026-05-04,ETH,2321.8164,2397.6084,2309.261,2346.397
2026-05-05,ETH,2346.415,2398.8335,2344.9343,2361.1826
2026-05-06,ETH,2361.2908,2423.0403,2338.4832,2350.802
2026-05-07,ETH,2350.8525,2351.738,2280.8147,2291.1077
2026-05-08,ETH,2291.0757,2320.6921,2265.8333,2306.9722
2026-05-09,ETH,2307.0696,2336.927,2300.5449,2326.7273
2026-05-10,ETH,2326.7444,2381.2639,2313.1272,2369.0439
2026-05-11,ETH,2369.1934,2374.3035,2305.0808,2339.3608
2026-05-12,ETH,2339.2871,2339.6904,2256.4194,2274.6436
2026-05-13,ETH,2274.5918,2322.2332,2233.5532,2257.5764
2026-05-14,ETH,2257.5718,2317.9485,2238.4719,2280.9348
2026-05-15,ETH,2280.9333,2298.6863,2204.7654,2223.3289
2026-05-16,ETH,2223.3384,2229.8459,2162.0488,2179.752
2026-05-17,ETH,2179.8545,2196.7822,2097.021,2127.6453
2026-05-18,ETH,2127.6814,2155.9641,2078.6162,2128.5161
2026-05-19,ETH,2128.532,2143.563,2093.4753,2109.9639
2026-05-20,ETH,2109.854,2146.5063,2101.8335,2126.9834
2026-05-21,ETH,2127.1724,2154.2222,2103.4604,2131.4106
2026-05-22,ETH,2131.3701,2138.98,2056.9292,2064.637
2026-05-23,ETH,2064.6348,2145.5793,2010.5504,2115.9514
2026-05-24,ETH,2115.5449,2127.3098,2061.3298,2097.9939
2026-05-25,ETH,2097.9939,2138.4114,2090.5164,2111.3704
2026-05-26,ETH,2111.3665,2138.0061,2054.3611,2070.8582
2026-05-27,ETH,2070.8667,2092.9807,2014.6326,2022.1982
2026-05-28,ETH,2022.0908,2025.7589,1966.2794,2007.5527
2026-05-29,ETH,2007.5497,2042.5431,1975.1915,2011.9785
2026-05-30,ETH,2011.9094,2028.4418,2000.1658,2019.4583
2026-05-31,ETH,2019.2424,2034.1193,1991.9067,2004.3416
2026-06-01,ETH,2004.2426,2017.6078,1956.1522,2003.2212
2026-06-02,ETH,2003.2603,2003.9707,1838.0586,1857.7163
2026-06-03,ETH,1857.6417,1889.0588,1771.3146,1811.7323
2026-06-04,ETH,1811.7426,1817.3466,1717.8025,1769.5806
2026-06-05,ETH,1769.9861,1772.1078,1540.162,1580.8608
2026-06-06,ETH,1580.8804,1599.9535,1506.5057,1568.7677
2026-06-07,ETH,1568.7495,1714.9707,1563.7759,1686.3962
2026-06-08,ETH,1686.2512,1713.4711,1644.7915,1690.1486
2026-06-09,ETH,1690.2134,1695.5229,1613.8342,1637.7067
2026-06-10,ETH,1637.6349,1665.7607,1603.8258,1620.1377
2026-06-11,ETH,1620.14,1690.4489,1620.0845,1672.2806
2026-06-12,ETH,1671.819,1689.4443,1650.6287,1665.1278
2026-06-13,ETH,1665.0487,1693.6033,1661.6091,1680.2146
2026-06-14,ETH,1680.1465,1729.3508,1654.2106,1724.6133
2026-06-15,ETH,1724.5717,1847.7698,1709.2537,1794.9612
2026-06-16,ETH,1794.938,1837.2041,1758.1301,1790.3982
2026-06-17,ETH,1790.3962,1807.2828,1724.7179,1747.8855
2026-06-18,ETH,1747.8778,1760.8809,1670.1039,1709.5334
2026-06-19,ETH,1709.4987,1717.1932,1678.1963,1710.9824
2026-06-20,ETH,1710.9822,1747.2595,1702.8018,1739.3014
2026-06-21,ETH,1739.3411,1739.4858,1701.9364,1704.5806
2026-06-22,ETH,1704.6305,1776.8322,1704.5166,1726.5109
2026-06-23,ETH,1726.5198,1733.6123,1638.2532,1665.4368
2026-06-24,ETH,1665.3098,1687.4923,1551.4843,1619.9249
2026-06-25,ETH,1619.8854,1656.6465,1531.7804,1564.8167
2026-06-26,ETH,1564.6136,1590.2001,1510.5059,1576.6161
2026-06-27,ETH,1576.5912,1607.866,1561.9729,1571.5883
2026-06-28,ETH,1571.5645,1585.2197,1548.762,1570.3612
2026-06-29,ETH,1569.9934,1633.645,1550.0364,1610.2058
2026-06-30,ETH,1610.1638,1611.3473,1549.252,1569.5839
2026-07-01,ETH,1569.9097,1642.4548,1551.1393,1608.9607
2026-07-02,ETH,1609.0126,1720.3433,1595.9393,1698.1694
2026-07-03,ETH,1698.418,1772.5432,1693.0383,1756.5187
2026-07-04,ETH,1756.5757,1804.5887,1743.5642,1779.033
2026-07-05,ETH,1779.0427,1805.9141,1749.1377,1783.006
2026-07-06,ETH,1783.0027,1829.5137,1728.9652,1797.5737
2026-07-07,ETH,1797.5623,1810.3298,1756.7126,1768.5115
2026-07-08,ETH,1768.3896,1782.8584,1711.9,1742.6776
2026-07-09,ETH,1742.6648,1760.2063,1721.2986,1744.4846
2026-07-10,ETH,1744.4731,1809.7583,1736.7231,1795.6932
2026-07-11,ETH,1795.8193,1827.8315,1786.2957,1788.0996
2026-07-12,ETH,1787.5684,1824.9805,1779.6371,1805.7881
2026-07-13,ETH,1805.7579,1842.4551,1749.3475,1773.5007
2026-07-14,ETH,1773.4714,1894.0623,1772.0177,1889.4799
2026-07-15,ETH,1889.5009,1944.1608,1863.6355,1916.9437
2026-07-16,ETH,1916.9781,1927.0859,1856.7756,1863.1934
2026-07-17,ETH,1863.2163,1869.0671,1803.054,1840.9882
2026-07-18,ETH,1841.1022,1864.132,1836.6085,1861.3921
2026-07-19,ETH,1861.4199,1877.0319,1852.7275,1871.5085
2026-07-20,ETH,1871.2758,1916.2417,1842.8157,1903.7589
2026-07-21,ETH,1903.6897,1949.5477,1900.0662,1928.3838
2026-07-22,ETH,1928.1976,1955.1475,1909.6101,1933.4901
2026-07-23,ETH,1933.4709,1940.2828,1868.5204,1877.1002
2026-07-24,ETH,1877.0977,1907.5436,1846.8223,1860.1768
2026-07-25,ETH,1860.1757,1875.1448,1849.8289,1873.2224
2026-07-26,ETH,1873.2356,1963.246,1872.3849,1953.4113
2026-07-27,ETH,1953.4054,1976.4602,1882.4198,1890.6135
2026-07-28,ETH,1890.6345,1926.504,1856.3416,1919.9485
2026-07-29,ETH,1919.9916,1929.9009,1873.6193,1908.519
2026-07-30,ETH,1908.5861,1934.5773,1892.1965,1917.3729
2026-07-31,ETH,1917.1417,1933.7778,1847.4688,1860.3459
2026-08-01,ETH,1860.3711,1873.1713,1821.4851,1843.4177
2026-08-02,ETH,1843.4175,1895.7662,1842.1544,1882.522
2026-08-03,ETH,1882.7836,1883.4392,1827.6975,1858.2565
2026-08-04,ETH,1858.2202,1879.5381,1847.1749,1868.3859
2026-08-05,ETH,1868.4923,1922.6414,1854.3403,1906.526
2026-08-06,ETH,1906.4426,1917.7008,1890.9636,1902.0575
2026-08-07,ETH,1902.1405,1937.1666,1893.0817,1913.2794
2026-08-08,ETH,1913.325,1924.6156,1911.485,1915.533
2026-08-09,ETH,1915.4648,1935.5299,1907.0256,1908.6827
2026-08-10,ETH,1908.7197,1928.9933,1866.7896,1871.2787
2026-08-11,ETH,1871.2637,1895.7494,1852.8403,1881.3735
2026-08-12,ETH,1881.3735,1921.7754,1873.3473,1878.135
2026-08-13,ETH,1878.1885,1898.2252,1861.9204,1883.9913
2026-08-14,ETH,1884.017,1889.2706,1862.5646,1880.65
2026-08-15,ETH,1880.613,1884.718,1874.328,1880.9083
2026-08-16,ETH,1880.8916,1889.6053,1867.8917,1873.943
2026-08-17,ETH,1873.97,1916.6569,1870.7479,1912.2021
2026-08-18,ETH,1912.2086,1920.5233,1884.4778,1916.4596
2026-08-19,ETH,1916.4268,2327.7012,1905.0824,2251.458
2026-08-20,ETH,2251.4441,2357.2283,2222.5747,2326.3848
2026-08-21,ETH,2326.3823,2545.8811,2324.7095,2515.2817
2026-08-22,ETH,2515.3923,2528.8967,2389.9021,2424.2512
2026-08-23,ETH,2424.217,2483.9304,2357.1399,2463.8159
2026-08-24,ETH,2463.6406,2531.7449,2425.3879,2481.8313
2026-08-25,ETH,2481.7778,2531.0845,2416.6028,2443.1594
2026-08-26,ETH,2442.4893,2514.6663,2432.5122,2506.261
2026-08-27,ETH,2506.2395,2564.2744,2481.9448,2510.4102
2026-08-28,ETH,2510.6726,2534.0122,2408.7234,2442.5359
2026-08-29,ETH,2442.5647,2459.6292,2430.811,2457.6863
2026-08-30,ETH,2457.6919,2532.959,2389.4692,2417.9387
2026-08-31,ETH,2417.9031,2488.9229,2401.8088,2466.8203
2026-09-01,ETH,2466.5752,2484.3989,2383.8037,2417.842
2026-09-02,ETH,2417.8284,2427.4016,2356.1882,2391.501
2026-09-03,ETH,2391.5999,2526.9502,2370.4155,2508.0208
2026-09-04,ETH,2508.0159,2545.6235,2432.3542,2456.0781
2026-09-05,ETH,2455.988,2492.0056,2445.6858,2480.7356
2026-09-06,ETH,2480.8247,2525.3215,2468.1948,2514.5488
2026-09-07,ETH,2514.583,2534.8618,2466.9131,2490.958
2026-09-08,ETH,2490.9197,2506.7532,2441.3289,2484.9414
2026-09-09,ETH,2484.8943,2522.3696,2443.7024,2466.9138
2026-09-10,ETH,2466.9131,2483.72,2406.9065,2437.0986
2026-09-11,ETH,2437.1357,2663.0503,2435.2854,2514.7339
2026-09-12,ETH,2514.77,2544.4724,2508.8015,2525.9446
2026-09-13,ETH,2525.9424,2526.8538,2462.8396,2477.0208
2026-09-14,ETH,2476.603,2612.4033,2465.4265,2514.407
2026-09-15,ETH,2514.3618,2519.3188,2357.9592,2399.0869
2026-09-16,ETH,2399.0554,2426.9294,2368.7358,2416.1199
2026-09-17,ETH,2416.1677,2480.7371,2412.1877,2447.1067
2026-09-18,ETH,2447.1067,2643.9622,2435.1484,2611.3472
2026-09-19,ETH,2611.4563,2659.7183,2602.7368,2631.9626
2026-09-20,ETH,2632.0146,2647.8735,2564.4326,2642.9976
2026-09-21,ETH,2642.7822,2805.499,2642.7822,2776.4683
2026-09-22,ETH,2776.5803,2776.8889,2715.7156,2752.6326
2026-09-23,ETH,2752.7524,2787.9626,2636.9131,2684.6919
2026-09-24,ETH,2684.4395,2703.6628,2628.6892,2687.3015
2026-09-25,ETH,2687.3225,2741.2969,2667.0452,2690.4756
2026-09-26,ETH,2690.4817,2696.9961,2665.8625,2695.2131
2026-09-27,ETH,2695.3489,2722.0393,2669.4727,2686.9268
2026-09-28,ETH,2687.0007,2718.8086,2635.4846,2688.6687
2026-09-29,ETH,2688.634,2746.0107,2651.4714,2676.7222
2026-09-30,ETH,2676.6921,2737.2649,2657.0854,2683.6794
2026-10-01,ETH,2683.8191,2720.188,2672.7065,2705.5371
2026-10-02,ETH,2705.7256,2773.5249,2651.0835,2668.1511
2026-10-03,ETH,2668.4485,2689.594,2665.4348,2687.2554
2026-10-04,ETH,2687.3511,2738.2566,2686.1321,2726.509
2026-10-05,ETH,2726.6538,2736.7852,2679.355,2711.0315
2026-10-06,ETH,2711.0271,2723.7361,2683.8933,2697.5164
2026-10-07,ETH,2697.3748,2699.259,2540.5916,2573.5273
2026-10-08,ETH,2573.5547,2585.303,2406.1519,2471.9126
2026-10-10,ETH,2485.51,2495.9399,2484.8176,2494.8401
2026-04-14,SOL,86.6541,87.5316,83.3962,83.7746
2026-04-15,SOL,83.7742,85.5778,82.7467,84.9193
2026-04-16,SOL,84.9199,90.3777,84.204,88.9942
2026-04-17,SOL,88.9952,90.6697,87.4382,88.8742
2026-04-18,SOL,88.8743,89.1511,85.9422,86.2027
2026-04-19,SOL,86.2026,87.0756,83.173,83.5809
2026-04-20,SOL,83.58,86.1685,83.4819,85.333
2026-04-21,SOL,85.332,86.705,84.4206,86.0295
2026-04-22,SOL,86.0295,89.2637,86.0273,86.9158
2026-04-23,SOL,86.9165,87.0467,84.6269,86.1411
2026-04-24,SOL,86.1402,86.9254,85.0763,86.2319
2026-04-25,SOL,86.2317,86.7752,85.6144,86.1512
2026-04-26,SOL,86.1512,87.1204,85.9054,86.9704
2026-04-27,SOL,86.9707,88.0462,83.849,84.8178
2026-04-28,SOL,84.8181,84.9016,83.045,84.039
2026-04-29,SOL,84.0381,85.51,81.6265,83.0269
2026-04-30,SOL,83.0271,83.9312,82.2741,83.0238
2026-05-01,SOL,83.0237,84.7223,83.0185,83.7235
2026-05-02,SOL,83.7233,84.8197,83.5114,84.2766
2026-05-03,SOL,84.2768,84.7656,83.5934,83.8996
2026-05-04,SOL,83.8996,85.8026,83.3656,84.0899
2026-05-05,SOL,84.089,86.8943,84.0515,86.3192
2026-05-06,SOL,86.3189,89.8923,86.1387,89.145
2026-05-07,SOL,89.1457,90.315,87.6826,88.4048
2026-05-08,SOL,88.4048,92.7251,87.692,91.9498
2026-05-09,SOL,91.9498,94.0301,91.896,93.1455
2026-05-10,SOL,93.1456,96.8114,92.6426,96.427
2026-05-11,SOL,96.427,98.2667,94.4325,97.3502
2026-05-12,SOL,97.3499,97.6184,93.6428,94.2843
2026-05-13,SOL,94.284,95.8644,90.4196,91.0855
2026-05-14,SOL,91.0857,93.5791,89.8965,92.1487
2026-05-15,SOL,92.1476,92.5631,88.7619,89.2004
2026-05-16,SOL,89.2005,89.3479,85.6948,86.5365
2026-05-17,SOL,86.5365,87.1721,83.8023,85.173
2026-05-18,SOL,85.1722,85.6681,83.5181,85.2969
2026-05-19,SOL,85.297,85.7777,83.8548,84.2086
2026-05-20,SOL,84.2085,86.9001,83.8624,86.0419
2026-05-21,SOL,86.0421,87.7868,85.3568,87.1562
2026-05-22,SOL,87.1568,87.6615,84.0366,84.3071
2026-05-23,SOL,84.3071,87.1436,81.6916,85.6585
2026-05-24,SOL,85.6585,86.7622,83.8203,85.2497
2026-05-25,SOL,85.249,86.367,84.7231,85.0105
2026-05-26,SOL,85.0097,85.9842,83.1919,83.5865
2026-05-27,SOL,83.5866,84.5628,82.0627,82.3681
2026-05-28,SOL,82.3681,82.8121,80.0419,81.9854
2026-05-29,SOL,81.9855,83.0499,80.3566,81.9325
2026-05-30,SOL,81.9329,82.9888,81.8242,82.5473
2026-05-31,SOL,82.5481,83.2179,81.3418,82.2983
2026-06-01,SOL,82.2981,82.8807,79.1003,81.087
2026-06-02,SOL,81.087,81.1424,72.8704,74.1429
2026-06-03,SOL,74.1426,75.5434,70.9711,71.6124
2026-06-04,SOL,71.6121,71.9602,67.5244,68.7189
2026-06-05,SOL,68.7189,68.93,61.588,63.4869
2026-06-06,SOL,63.4876,64.7916,60.4147,62.1898
2026-06-07,SOL,62.1893,67.445,62.0025,66.3106
2026-06-08,SOL,66.3108,67.9673,65.0238,66.795
2026-06-09,SOL,66.7953,67.3893,63.6332,64.9621
2026-06-10,SOL,64.9622,65.408,62.3759,63.161
2026-06-11,SOL,63.1607,67.2078,63.1588,66.822
2026-06-12,SOL,66.8226,68.6876,65.941,66.7493
2026-06-13,SOL,66.7501,69.4538,66.6453,68.8728
2026-06-14,SOL,68.8729,71.1821,66.9792,71.1662
2026-06-15,SOL,71.1662,75.9388,70.7682,73.9793
2026-06-16,SOL,73.9792,75.4468,72.4751,73.4138
2026-06-17,SOL,73.4138,74.3762,71.0501,71.931
2026-06-18,SOL,71.93,72.5453,68.3055,69.6265
2026-06-19,SOL,69.6249,69.9825,67.9185,69.7206
2026-06-20,SOL,69.7218,74.1185,69.475,73.1727
2026-06-21,SOL,73.1727,74.5079,72.3801,72.4182
2026-06-22,SOL,72.4176,74.8915,71.6352,71.9082
2026-06-23,SOL,71.9075,71.922,68.3394,69.6437
2026-06-24,SOL,69.6437,70.2264,64.831,67.9825
2026-06-25,SOL,67.9823,69.4369,64.4184,67.5741
2026-06-26,SOL,67.5741,73.7033,65.9207,71.8354
2026-06-27,SOL,71.8349,73.0164,70.3884,70.4107
2026-06-28,SOL,70.4108,72.048,69.8388,71.3129
2026-06-29,SOL,71.3131,75.9202,70.5091,74.9468
2026-06-30,SOL,74.9466,75.0579,71.9188,73.5233
2026-07-01,SOL,73.5263,78.6118,72.5937,77.3837
2026-07-02,SOL,77.3836,82.5987,76.9003,80.644
2026-07-03,SOL,80.644,82.9543,80.3486,82.2801
2026-07-04,SOL,82.2802,83.8089,81.3647,81.6496
2026-07-05,SOL,81.6492,82.211,79.7349,81.423
2026-07-06,SOL,81.425,83.0594,79.2205,81.9152
2026-07-07,SOL,81.9157,82.6734,80.4625,80.6487
2026-07-08,SOL,80.6482,80.6899,76.2566,77.787
2026-07-09,SOL,77.787,78.5869,76.8432,78.0455
2026-07-10,SOL,78.0443,79.5525,77.2965,78.0666
2026-07-11,SOL,78.0673,78.7166,76.8144,76.8242
2026-07-12,SOL,76.8242,77.6579,75.7975,76.8738
2026-07-13,SOL,76.8741,78.021,74.1618,74.8614
2026-07-14,SOL,74.8617,77.8173,74.5509,77.7624
2026-07-15,SOL,77.7629,78.8773,77.0598,77.2641
2026-07-16,SOL,77.2636,77.4338,75.0355,75.272
2026-07-17,SOL,75.2724,75.6397,73.4017,75.0116
2026-07-18,SOL,75.0099,75.56,74.5315,75.4609
2026-07-19,SOL,75.461,76.5862,75.4328,76.3553
2026-07-20,SOL,76.3541,78.1916,75.5567,77.7919
2026-07-21,SOL,77.7924,78.726,77.5634,78.1086
2026-07-22,SOL,78.1088,78.708,76.9938,77.9063
2026-07-23,SOL,77.9059,78.4547,75.4696,75.8598
2026-07-24,SOL,75.8599,76.2767,73.4692,73.8799
2026-07-25,SOL,73.8803,74.6442,73.6163,74.4286
2026-07-26,SOL,74.4289,76.9162,74.4289,76.6022
2026-07-27,SOL,76.6031,77.3709,73.8254,74.1418
2026-07-28,SOL,74.1433,74.4277,72.3793,73.6991
2026-07-29,SOL,73.7018,74.403,72.3997,73.5972
2026-07-30,SOL,73.5981,74.8564,73.0858,74.468
2026-07-31,SOL,74.4689,75.1149,72.6509,72.7897
2026-08-01,SOL,72.7894,73.1187,70.6942,71.8663
2026-08-02,SOL,71.8665,74.0945,71.8665,73.4488
2026-08-03,SOL,73.4507,74.1125,71.9597,73.4737
2026-08-04,SOL,73.4738,74.3423,73.0081,73.7178
2026-08-05,SOL,73.7178,74.6423,73.2836,73.9614
2026-08-06,SOL,73.962,74.2163,72.3094,72.5765
2026-08-07,SOL,72.577,74.232,72.4668,73.6427
2026-08-08,SOL,73.6426,76.6174,73.5679,75.9722
2026-08-09,SOL,75.9723,77.617,75.7388,76.2121
2026-08-10,SOL,76.2132,77.0104,75.5863,75.9452
2026-08-11,SOL,75.9465,76.5403,74.6619,76.1951
2026-08-12,SOL,76.1964,76.9995,75.3626,75.5255
2026-08-13,SOL,75.5259,76.5026,75.0792,76.1773
2026-08-14,SOL,76.1752,76.2371,74.6698,75.3273
2026-08-15,SOL,75.3278,75.6425,74.9934,75.2723
2026-08-16,SOL,75.2724,75.5996,74.2042,74.539
2026-08-17,SOL,74.539,76.119,74.3987,75.9441
2026-08-18,SOL,75.9436,77.2815,75.186,77.0312
2026-08-19,SOL,77.0315,86.8972,76.619,85.3745
2026-08-20,SOL,85.3718,87.897,84.0837,87.6369
2026-08-21,SOL,87.638,94.7434,87.605,93.6536
2026-08-22,SOL,93.6585,101.75,91.2832,93.9125
2026-08-23,SOL,93.9132,96.6235,91.8159,95.4422
2026-08-24,SOL,95.441,98.6532,93.3346,98.5617
2026-08-25,SOL,98.5588,102.5871,96.0595,96.6035
2026-08-26,SOL,96.6028,102.2826,95.2346,102.1674
2026-08-27,SOL,102.1638,110.039,100.6322,109.2082
2026-08-28,SOL,109.2079,109.9119,102.5825,104.127
2026-08-29,SOL,104.127,105.7662,103.1434,105.652
2026-08-30,SOL,105.6521,107.3085,100.6913,101.8767
2026-08-31,SOL,101.8757,104.8248,100.9835,102.9969
2026-09-01,SOL,102.9982,104.2952,98.5154,99.9869
2026-09-02,SOL,99.9867,100.5807,97.4509,100.3856
2026-09-03,SOL,100.3873,105.5076,99.4424,103.9784
2026-09-04,SOL,103.9779,104.5845,100.5663,101.9495
2026-09-05,SOL,101.9497,104.2466,101.69,103.1876
2026-09-06,SOL,103.1882,107.1165,103.1756,106.4476
2026-09-07,SOL,106.4483,106.8494,103.1121,103.8662
2026-09-08,SOL,103.8662,104.6501,101.8496,103.3251
2026-09-09,SOL,103.3249,104.9839,100.6906,101.6081
2026-09-10,SOL,101.6081,102.1013,98.6899,98.6899
2026-09-11,SOL,98.6903,105.4881,98.6259,102.3962
2026-09-12,SOL,102.3957,102.5007,101.2746,101.7856
2026-09-13,SOL,101.7856,102.2632,99.2354,99.2458
2026-09-14,SOL,99.25,104.6656,99.0779,102.4951
2026-09-15,SOL,102.4953,102.7423,96.3935,96.8884
2026-09-16,SOL,96.8891,98.7246,96.2255,98.6419
2026-09-17,SOL,98.6371,101.8388,98.456,101.6034
2026-09-18,SOL,101.6035,114.0592,100.9479,112.5992
2026-09-19,SOL,112.5979,113.7384,110.1322,111.0149
2026-09-20,SOL,111.0146,111.242,107.5323,111.1329
2026-09-21,SOL,111.1293,119.8072,110.9622,118.7501
2026-09-22,SOL,118.7511,119.2859,115.6203,118.5074
2026-09-23,SOL,118.5097,119.6211,113.3079,114.9753
2026-09-24,SOL,114.9752,117.6061,112.8366,117.0091
2026-09-25,SOL,117.0099,122.7484,115.9445,122.0097
2026-09-26,SOL,122.0096,122.2458,119.8941,121.4256
2026-09-27,SOL,121.4257,124.6174,120.1361,122.0587
2026-09-28,SOL,122.0574,122.7202,117.3547,118.8367
2026-09-29,SOL,118.8362,121.4943,116.5264,119.0555
2026-09-30,SOL,119.0554,122.5248,117.2276,117.9948
2026-10-01,SOL,117.995,119.5126,116.8349,118.3978
2026-10-02,SOL,118.3959,123.479,117.4148,118.6151
2026-10-03,SOL,118.6141,120.0236,118.5589,119.6451
2026-10-04,SOL,119.644,122.1609,119.6111,121.5286
2026-10-05,SOL,121.5282,121.9441,119.0625,120.7507
2026-10-06,SOL,120.7501,121.843,119.0007,120.7876
2026-10-07,SOL,120.7847,120.7847,115.3,116.2226
2026-10-08,SOL,116.2232,116.6993,105.8436,109.4423
2026-10-10,SOL,109.126,110.1657,108.9378,110.06
